{
  "bow": 0.7306950763646963,
  "unweighted": 0.6439497018577963,
  "weighted": 0.6414942570638823
}